_id,Country,CancerSiteICD10Code,CancerSite,Sex,SexQF,Year,IncidencesAgeUnder5,IncidencesAge5To9,IncidencesAge10To14,IncidencesAge15To19,IncidencesAge20To24,IncidencesAge25To29,IncidencesAge30To34,IncidencesAge35To39,IncidencesAge40To44,IncidencesAge45To49,IncidencesAge50To54,IncidencesAge55To59,IncidencesAge60To64,IncidencesAge65To69,IncidencesAge70To74,IncidencesAge75To79,IncidencesAge80To84,IncidencesAge85To89,IncidencesAge90AndOver,IncidencesAllAges,IncidenceRateAgeUnder5,IncidenceRateAge5To9,IncidenceRateAge10To14,IncidenceRateAge15To19,IncidenceRateAge20To24,IncidenceRateAge25To29,IncidenceRateAge30To34,IncidenceRateAge35To39,IncidenceRateAge40To44,IncidenceRateAge45To49,IncidenceRateAge50To54,IncidenceRateAge55To59,IncidenceRateAge60To64,IncidenceRateAge65To69,IncidenceRateAge70To74,IncidenceRateAge75To79,IncidenceRateAge80To84,IncidenceRateAge85To89,IncidenceRateAge90AndOver,CrudeRate,CrudeRateLower95pcConfidenceInterval,CrudeRateUpper95pcConfidenceInterval,EASR,EASRLower95pcConfidenceInterval,EASRLower95pcConfidenceIntervalQF,EASRUpper95pcConfidenceInterval,EASRUpper95pcConfidenceIntervalQF,WASR,WASRLower95pcConfidenceInterval,WASRLower95pcConfidenceIntervalQF,WASRUpper95pcConfidenceInterval,WASRUpper95pcConfidenceIntervalQF,StandardisedIncidenceRatio,StandardisedIncidenceRatioQF
1,S92000003,"C00-C97, excluding C44",All cancer types,All,d,2016-2020,269,188,167,286,517,952,1679,2349,3294,5702,10104,13662,17870,23485,25658,23134,18351,11234,5279,164180,19.46838992,12.54068217,11.63746847,19.89783921,29.36814187,50.15354254,92.67114218,136.3326912,202.8336364,306.0671286,502.0296826,708.3035658,1061.081353,1542.143833,1923.099985,2408.860742,2619.057134,2756.748931,2488.615257,603.671742,600.7551861,606.5989489,622.019516,618.9699757, ,625.0764467, ,289.9717986,288.3996363, ,291.5481755, ,100, 
2,S92000003,"C00-C97, excluding C44",All cancer types,Male, ,2016-2020,136,94,89,148,240,369,577,760,1018,1935,3759,6318,9156,12725,14502,12568,9332,5161,2043,80930,19.12360457,12.26503968,12.13378796,20.14504432,27.04286294,38.95112742,64.61308297,89.94657647,127.8327576,215.0881862,385.9457828,673.9063422,1120.493428,1731.66241,2298.890661,2934.67271,3199.429506,3396.512011,3187.45612,611.0336843,606.831069,615.2581781,670.2968851,665.6146397, ,674.995315, ,292.5720794,290.3672141, ,294.7851693, ,100, 
3,S92000003,"C00-C97, excluding C44",All cancer types,Female, ,2016-2020,133,94,78,138,277,583,1102,1589,2276,3767,6345,7344,8714,10760,11156,10566,9019,6073,3236,83250,19.83405014,12.828999,11.11853931,19.63937552,31.73217585,61.31485124,119.9423145,180.9702236,274.9994563,391.0276439,610.8838416,740.8341445,1005.085405,1365.418121,1586.069431,1985.672189,2205.161432,2376.359275,2186.028602,596.6830443,592.6366219,600.7502356,573.7421468,569.8385154, ,577.6589196, ,287.3715177,285.1322448, ,289.6194285, ,100, 
4,S92000003,C67,Bladder,All,d,2016-2020,1,0,0,1,0,1,4,10,36,52,115,197,299,509,698,755,738,502,235,4153,0.072373197,0,0,0.069572864,0,0.052682293,0.220776992,0.580386084,2.216761053,2.791211976,5.713916617,10.21342428,17.75396332,33.42351334,52.3159946,78.61545174,105.3274571,123.1874633,110.7832138,15.2701227,14.80919637,15.74174686,16.7889837,16.27072958, ,17.31524937, ,5.984022316,5.785328514, ,6.186024031, ,100, 
5,S92000003,C67,Bladder,Male, ,2016-2020,1,0,0,1,0,1,2,4,25,26,85,138,209,371,505,533,516,303,129,2849,0.14061474,0,0,0.136115164,0,0.105558611,0.223962159,0.473403034,3.139311336,2.890073819,8.727159228,14.71970168,25.57701251,50.48697477,80.05377077,124.4573961,176.9080181,199.4076999,201.2637491,21.51037893,20.72769457,22.31505398,24.77712724,23.85775649, ,25.71363611, ,8.733990792,8.391569581, ,9.083163698, ,100, 
6,S92000003,C67,Bladder,Female, ,2016-2020,0,0,0,0,0,0,2,6,11,26,30,59,90,138,193,222,222,199,106,1304,0,0,0,0,0,0,0.217681152,0.683336275,1.329083488,2.69889003,2.888339676,5.951690431,10.3807306,17.5118681,27.43917176,41.72054004,54.27939217,77.86851569,71.60662294,9.34624252,8.845786495,9.867636824,8.800840155,8.327791173, ,9.286772452, ,3.234053839,3.034758569, ,3.439597514, ,100, 
7,S92000003,C40-C41,Bone and articular cartilage,All,d,2016-2020,5,8,19,18,11,10,9,7,18,8,18,23,14,17,20,13,8,6,5,237,0.361865984,0.53364605,1.324023359,1.252311558,0.624854082,0.526822926,0.496748231,0.406270259,1.108380527,0.429417227,0.894352166,1.192430245,0.831289252,1.116305947,1.499025633,1.35364354,1.141761052,1.47236012,2.357089654,0.871422846,0.764001647,0.989717875,0.881630818,0.772389486, ,0.99799232, ,0.786749199,0.674306434, ,0.90773531, ,100, 
8,S92000003,C40-C41,Bone and articular cartilage,Male, ,2016-2020,1,2,13,9,7,7,3,7,8,3,11,14,11,8,11,8,4,3,0,130,0.14061474,0.260958291,1.772351051,1.225036479,0.788750169,0.738910276,0.335943239,0.82845531,1.004579627,0.333470056,1.129397077,1.493303069,1.346158553,1.08866792,1.743745502,1.868028459,1.371379985,1.974333662,0,0.981519572,0.820057026,1.165474788,0.993967706,0.829583106, ,1.172990723, ,0.855157654,0.696953806, ,1.029301074, ,100, 
9,S92000003,C40-C41,Bone and articular cartilage,Female, ,2016-2020,4,6,6,9,4,3,6,0,10,5,7,9,3,9,9,5,4,3,5,107,0.596512786,0.818872276,0.855272255,1.280828839,0.458226366,0.315513814,0.653043455,0,1.208257717,0.519017313,0.673945925,0.907884981,0.346024353,1.142078354,1.27954687,0.939651803,0.978007066,1.173897221,3.377670893,0.766907937,0.628499562,0.92672974,0.769293931,0.629943227, ,0.922360791, ,0.718340743,0.56379452, ,0.891323159, ,100, 
10,S92000003,"C40-C41, C47+C49",Bone and connective tissue,All,d,2016-2020,13,14,31,36,26,27,38,29,34,37,81,81,75,93,86,87,74,47,28,937,0.940851558,0.933880587,2.160248638,2.504623117,1.476927831,1.4224219,2.097381419,1.683119645,2.093607662,1.986054676,4.024584747,4.199428256,4.453335281,6.106850179,6.445810223,9.058999074,10.56128973,11.5334876,13.19970206,3.445245598,3.228152128,3.673098271,3.561975548,3.334337681, ,3.797023575, ,2.414504975,2.232486119, ,2.603555365, ,100, 
11,S92000003,"C40-C41, C47+C49",Bone and connective tissue,Male, ,2016-2020,5,3,17,17,12,16,13,18,15,17,41,45,47,56,48,58,48,24,13,513,0.703073698,0.391437437,2.317689836,2.313957793,1.352143147,1.688937774,1.455754036,2.130313653,1.883586801,1.889663651,4.209570922,4.799902722,5.751768363,7.620675437,7.609071281,13.54320633,16.45655982,15.7946693,20.28239332,3.873227234,3.545266804,4.223364676,4.146008396,3.789050223, ,4.518805008, ,2.541898685,2.290183674, ,2.806548978, ,100, 
12,S92000003,"C40-C41, C47+C49",Bone and connective tissue,Female, ,2016-2020,8,11,14,19,14,11,25,11,19,20,40,36,28,37,38,29,26,23,15,424,1.193025573,1.50126584,1.995635261,2.703971993,1.603792281,1.156883986,2.721014394,1.252783172,2.295689661,2.076069254,3.851119569,3.631539924,3.22956063,4.695211012,5.402531228,5.449980455,6.35704593,8.999878697,10.13301268,3.038962292,2.756548164,3.342459641,2.9779427,2.700207974, ,3.269077664, ,2.287111265,2.028317403, ,2.56121822, ,100, 
13,S92000003,C47+C49,Connective tissue,All,d,2016-2020,8,6,12,18,15,17,29,22,16,29,63,58,61,76,66,74,66,41,23,700,0.578985574,0.400234537,0.836225279,1.252311558,0.852073749,0.895598974,1.600633188,1.276849386,0.985227135,1.556637448,3.130232581,3.00699801,3.622046028,4.990544232,4.94678459,7.705355534,9.419528681,10.06112748,10.84261241,2.573822752,2.386660908,2.771762084,2.68034473,2.482142634, ,2.886051631, ,1.627755777,1.486721629, ,1.775089267, ,100, 
14,S92000003,C47+C49,Connective tissue,Male, ,2016-2020,4,1,4,8,5,9,10,11,7,14,30,31,36,48,37,50,44,21,13,383,0.562458958,0.130479146,0.545338785,1.088921315,0.563392978,0.950027498,1.119810797,1.301858344,0.879007174,1.556193595,3.080173845,3.306599653,4.40560981,6.532007517,5.865325779,11.67517787,15.08517984,13.82033564,20.28239332,2.891707662,2.609320751,3.196322246,3.152040691,2.838261349, ,3.48203415, ,1.686741031,1.494950516, ,1.889938778, ,100, 
15,S92000003,C47+C49,Connective tissue,Female, ,2016-2020,4,5,8,10,10,8,19,11,9,15,33,27,25,28,29,24,22,20,10,317,0.596512786,0.682393564,1.140363006,1.423143154,1.145565915,0.841370171,2.06797094,1.252783172,1.087431945,1.55705194,3.177173644,2.723654943,2.883536277,3.553132657,4.122984358,4.510328653,5.379038864,7.825981476,6.755341787,2.272054355,2.028797059,2.536447415,2.208648769,1.971383588, ,2.459200954, ,1.568770522,1.365657909, ,1.785758892, ,100, 
16,S92000003,C71,Malignant brain cancer,All,d,2016-2020,42,47,22,24,33,50,69,68,66,90,157,220,235,299,265,223,156,79,31,2176,3.039674263,3.135170543,1.533079678,1.669748745,1.874562247,2.634114629,3.808403103,3.946625374,4.064061931,4.830943805,7.800738337,11.40585452,13.95378388,19.63385165,19.86208964,23.22019303,22.26434052,19.38607491,14.61395586,8.000911869,7.66823852,8.34430427,8.150787934,7.808493279, ,8.500322206, ,5.180654762,4.924432002, ,5.443284182, ,100, 
17,S92000003,C71,Malignant brain cancer,Male, ,2016-2020,25,25,13,17,19,23,31,43,42,54,83,129,130,164,154,116,82,41,15,1206,3.515368488,3.261978638,1.772351051,2.313957793,2.140893316,2.42784805,3.47141347,5.089082616,5.274043044,6.002461009,8.521814305,13.75972114,15.90914654,22.31769235,24.41243703,27.08641266,28.1132897,26.98256005,23.40276153,9.105481568,8.598771161,9.634256598,9.543889023,9.006825988, ,10.09628527, ,5.983187333,5.595078867, ,6.384125701, ,100, 
18,S92000003,C71,Malignant brain cancer,Female, ,2016-2020,17,22,9,7,14,27,38,25,24,36,74,91,105,135,111,107,74,38,16,970,2.535179342,3.00253168,1.282908382,0.996200208,1.603792281,2.839624328,4.135941879,2.847234481,2.89981852,3.736924656,7.124571202,9.17972592,12.11085236,17.13117531,15.78107806,20.10854858,18.09313072,14.8693648,10.80854686,6.952342979,6.521655162,7.403999819,6.757686844,6.337873521, ,7.190772282, ,4.378122191,4.047577502, ,4.721456114, ,100, 
19,S92000003,"C70-C72, C75.1-C75.3","Malig brain ca (incl pit. gland, cranio. duct, pineal gland)",All,d,2016-2020,51,53,27,34,40,53,77,72,68,93,164,226,238,305,269,226,161,80,32,2269,3.691033033,3.535405081,1.881506878,2.365477388,2.272196663,2.792161507,4.249957086,4.178779808,4.187215323,4.991975266,8.148541958,11.71692328,14.13191729,20.02784198,20.16189477,23.53257231,22.97794118,19.63146826,15.08537379,8.342862606,8.003080374,8.6933623,8.493333861,8.144037053, ,8.849862247, ,5.55867551,5.287767569, ,5.836255997, ,100, 
20,S92000003,"C70-C72, C75.1-C75.3","Malig brain ca (incl pit. gland, cranio. duct, pineal gland)",Male, ,2016-2020,29,27,16,24,22,25,36,44,44,56,86,132,131,168,156,119,84,42,15,1256,4.077827446,3.522936929,2.18135514,3.266763944,2.478929103,2.638965272,4.031318868,5.207433374,5.525187951,6.22477438,8.829831689,14.07971465,16.03152459,22.86202631,24.72948166,27.78692333,28.79897969,27.64067127,23.40276153,9.482989096,8.965733185,10.02230538,9.922562327,9.375361798, ,10.485064, ,6.380890798,5.973430232, ,6.801604251, ,100, 
21,S92000003,"C70-C72, C75.1-C75.3","Malig brain ca (incl pit. gland, cranio. duct, pineal gland)",Female, ,2016-2020,22,26,11,10,18,28,41,28,24,37,78,94,107,137,113,107,77,38,17,1013,3.280820324,3.548446531,1.567999133,1.423143154,2.062018648,2.9447956,4.462463606,3.188902619,2.89981852,3.840728119,7.509683159,9.482354247,12.34153526,17.3849705,16.06542181,20.10854858,18.82663602,14.8693648,11.48408104,7.260539627,6.820258629,7.721784854,7.064105396,6.634523582, ,7.50697228, ,4.736460222,4.383558316, ,5.102830001, ,100, 
22,S92000003,"D18.0, D32-D33, D35.2-D35.4, D42-D43, D44.3-D44.5","Non-malig brain ca (incl pit.gland,cranio.duct,pineal gland)",All,d,2016-2020,14,16,14,24,47,56,77,121,137,179,214,263,280,313,302,304,259,204,126,2950,1.013224754,1.0672921,0.975596159,1.669748745,2.669831079,2.950208385,4.249957086,7.022671622,8.436007342,9.608210457,10.63285353,13.63518063,16.62578505,20.55316243,22.63528706,31.65443355,36.96451407,50.06024407,59.39865929,10.84682445,10.45890158,11.24545554,10.89185106,10.49723184, ,11.29364975, ,6.204523383,5.946268392, ,6.46819122, ,100, 
23,S92000003,"D18.0, D32-D33, D35.2-D35.4, D42-D43, D44.3-D44.5","Non-malig brain ca (incl pit.gland,cranio.duct,pineal gland)",Male, ,2016-2020,9,8,8,12,21,16,33,48,59,65,88,98,122,127,113,113,88,58,30,1116,1.265532656,1.043833164,1.09067757,1.633381972,2.366250507,1.688937774,3.695375629,5.680836408,7.408774752,7.225184548,9.035176612,10.45312148,14.93012213,17.28260322,17.91302197,26.38590199,30.17035968,38.17045081,46.80552305,8.425968018,7.938806126,8.935202885,9.080281071,8.546402856, ,9.630105619, ,5.228637141,4.88623651, ,5.582468433, ,100, 
24,S92000003,"D18.0, D32-D33, D35.2-D35.4, D42-D43, D44.3-D44.5","Non-malig brain ca (incl pit.gland,cranio.duct,pineal gland)",Female, ,2016-2020,5,8,6,12,26,40,44,73,78,114,126,165,158,186,189,191,171,146,96,1834,0.745640983,1.091829702,0.855272255,1.707771785,2.97847138,4.206850857,4.788985334,8.313924685,9.424410189,11.83359475,12.13102664,16.64455799,18.22394927,23.60295265,26.87048427,35.89469886,41.80980208,57.12966477,64.85128115,13.14494539,12.55016334,13.76063544,12.70342105,12.12639194, ,13.29367383, ,7.180409626,6.796762627, ,7.574441148, ,100, 
25,S92000003,"C70-C72, C75.1-C75.3, D18.0, D32-D33, D35.2-D35.4, D42-D43, D44.3-D44.5",All brain and CNS tumours (malignant and non-malignant),All,d,2016-2020,65,69,41,58,87,109,154,193,205,272,378,489,518,618,571,530,420,284,158,5219,4.704257788,4.602697181,2.857103037,4.035226133,4.942027742,5.742369892,8.499914173,11.20145143,12.62322267,14.60018572,18.78139549,25.35210391,30.75770234,40.58100441,42.79718183,55.18700586,59.94245524,69.69171233,74.48403307,19.18968706,18.67255656,19.71750939,19.38518492,18.85668893, ,19.92088332, ,11.76319889,11.38762961, ,12.14477641, ,100, 
26,S92000003,"C70-C72, C75.1-C75.3, D18.0, D32-D33, D35.2-D35.4, D42-D43, D44.3-D44.5",All brain and CNS tumours (malignant and non-malignant),Male, ,2016-2020,38,35,24,36,43,41,69,92,103,121,174,230,253,295,269,232,172,100,45,2372,5.343360102,4.566770093,3.272032709,4.900145915,4.84517961,4.327903047,7.726694498,10.88826978,12.9339627,13.44995893,17.8650083,24.53283613,30.96164672,40.14462953,42.64250364,54.17282532,58.96933937,65.81112208,70.20828458,17.90895711,17.19542388,18.64449427,19.0028434,18.23507852, ,19.78621821, ,11.60952794,11.07474407, ,12.1567445, ,100, 
27,S92000003,"C70-C72, C75.1-C75.3, D18.0, D32-D33, D35.2-D35.4, D42-D43, D44.3-D44.5",All brain and CNS tumours (malignant and non-malignant),Female, ,2016-2020,27,34,17,22,44,68,85,101,102,151,204,259,265,323,302,298,248,184,113,2847,4.026461307,4.640276233,2.423271388,3.130914939,5.040490027,7.151646456,9.25144894,11.5028273,12.32422871,15.67432286,19.6407098,26.12691223,30.56548453,40.98792316,42.93590608,56.00324744,60.6364381,71.99902958,76.33536219,20.40548501,19.66274537,21.16910049,19.76752644,19.0454784, ,20.50282044, ,11.91686985,11.39299325, ,12.45235697, ,100, 
28,S92000003,C50,Breast,All,d,2016-2020,0,0,0,1,9,99,271,616,1062,1772,3111,2779,2896,3126,2388,2108,1681,1119,631,23669,0,0,0,0.069572864,0.511244249,5.215546966,14.95764117,35.7517828,65.39445108,95.11591581,154.573866,144.0766805,171.9581196,205.2689641,178.9836606,219.4985063,239.9125411,274.5951623,297.4647144,87.02830102,85.92307597,88.14419151,82.27155648,81.22329498, ,83.3264461, ,46.06152104,45.42160896, ,46.70584737, ,100, 
29,S92000003,C50,Breast,Male, ,2016-2020,0,0,0,0,0,0,0,0,0,4,6,11,13,21,19,21,14,12,3,124,0,0,0,0,0,0,0,0,0,0.444626741,0.616034769,1.173309554,1.590914654,2.857753289,3.011924049,4.903574706,4.799829949,7.89733465,4.680552305,0.936218669,0.778698251,1.11624683,1.035143219,0.858400799, ,1.228184827, ,0.421769278,0.34647575, ,0.504355531, ,100, 
30,S92000003,C50,Breast,Female, ,2016-2020,0,0,0,1,9,99,271,616,1062,1768,3105,2768,2883,3105,2369,2087,1667,1107,628,23545,0,0,0,0.142314315,1.031009324,10.41195587,29.49579603,70.15585762,128.3169695,183.524522,298.9431565,279.2250697,332.5294034,394.0170322,336.8051705,392.2106624,407.5844448,433.1680747,424.2354642,168.7555829,166.6068355,170.9251206,163.5079697,161.4195918, ,165.6095846, ,91.7012728,90.42388451, ,92.98749665, ,100, 
31,S92000003,D05,Carcinoma in situ of the breast,All,d,2016-2020,0,0,0,0,2,1,15,31,95,135,496,373,323,407,213,105,75,33,10,2314,0,0,0,0,0.113609833,0.052682293,0.827913718,1.799196862,5.849786113,7.246415708,24.6443708,19.33810789,19.17903061,26.72567766,15.964623,10.93327474,10.70400986,8.097980658,4.714179309,8.50832264,8.165152958,8.862209049,8.025242284,7.70087114, ,8.356211115, ,4.874178918,4.668078756, ,5.084668833, ,100, 
32,S92000003,D05,Carcinoma in situ of the breast,Male, ,2016-2020,0,0,0,0,1,0,0,0,1,0,0,2,1,1,1,0,1,0,0,8,0,0,0,0,0.112678596,0,0,0,0.125572453,0,0,0.21332901,0.12237805,0.13608349,0.158522318,0,0.342844996,0,0,0.060401204,0.026076953,0.119014452,0.060741689, ,z, ,z,0.038944093, ,z, ,z,100, 
33,S92000003,D05,Carcinoma in situ of the breast,Female, ,2016-2020,0,0,0,0,1,1,15,31,94,135,496,371,322,406,212,105,74,33,10,2306,0,0,0,0,0.114556592,0.105171271,1.632608636,3.530570757,11.35762254,14.01346746,47.75388265,37.42503644,37.13994724,51.52042353,30.14043738,19.73268786,18.09313072,12.91286944,6.755341787,16.52794114,15.86016938,17.21660328,15.98974288,15.34236333, ,16.65031279, ,9.709413743,9.298261523, ,10.1293362, ,100, 
34,S92000003,C18-C20,Colorectal cancer,All,d,2016-2020,0,1,7,25,26,43,104,194,239,481,1026,1407,1931,2708,3019,2829,2650,1662,735,19087,0,0.066705756,0.487798079,1.739321609,1.476927831,2.265338581,5.740201779,11.25949004,14.71683033,25.81871078,50.97807347,72.94562414,114.658539,177.8209708,226.2779194,294.5736596,378.2083486,407.8437531,346.4921792,70.18079266,69.18865084,71.18360259,72.84161842,71.79517967, ,73.89552338, ,31.01975236,30.53302426, ,31.51027607, ,100, 
35,S92000003,C18-C20,Colorectal cancer,Male, ,2016-2020,0,0,3,10,11,24,43,97,116,249,506,815,1169,1581,1676,1560,1415,750,272,10297,0,0,0.409004089,1.361151643,1.239464551,2.533406661,4.815186426,11.48002358,14.5664046,27.67801465,51.95226552,86.93157152,143.0599408,215.1479976,265.6834056,364.2655496,485.1256698,493.5834156,424.3700757,77.74390025,76.24944755,79.26027821,85.731762,84.0576468, ,87.42215532, ,35.9724351,35.22594382, ,36.72664477, ,100, 
36,S92000003,C18-C20,Colorectal cancer,Female, ,2016-2020,0,1,4,15,15,19,61,97,123,232,520,592,762,1127,1343,1269,1235,912,463,8790,0,0.136478713,0.570181503,2.134714731,1.718348873,1.998254157,6.639275122,11.04726979,14.86156991,24.08240334,50.06455439,59.71865653,87.89018571,143.0135895,190.9368273,238.4836275,301.9596817,356.8647553,312.7723247,63.00112864,61.69088117,64.33219547,59.95147483,58.7004317, ,61.21552596, ,26.06706962,25.44469065, ,26.69686422, ,100, 
37,S92000003,C18,Colon,All,d,2016-2020,0,1,7,25,20,34,72,122,144,299,621,845,1247,1861,2102,2068,1978,1264,592,13302,0,0.066705756,0.487798079,1.739321609,1.136098332,1.791197948,3.973985847,7.08071023,8.867044214,16.04946886,30.85514973,43.80885032,74.04412127,122.2026686,157.5475941,215.3334493,282.3004202,310.1771985,279.0794151,48.90998606,48.08230927,49.7483361,50.68601165,49.81335948, ,51.56613631, ,20.91834139,20.52233224, ,21.31808247, ,100, 
38,S92000003,C18,Colon,Male, ,2016-2020,0,0,3,10,10,18,32,61,75,145,274,464,709,1003,1089,1084,996,540,209,6722,0,0,0.409004089,1.361151643,1.126785956,1.900054996,3.58339455,7.219396269,9.417934007,16.11771938,28.13225445,49.49233029,86.76603764,136.4917404,172.6308047,253.1178563,341.4736164,355.3800592,326.0784773,50.75211202,49.54602151,51.98014507,56.58859096,55.22085475, ,57.97282641, ,22.9580655,22.36596542, ,23.55779344, ,100, 
39,S92000003,C18,Colon,Female, ,2016-2020,0,1,4,15,10,16,40,61,69,154,347,381,538,858,1013,984,982,724,383,6580,0,0.136478713,0.570181503,2.134714731,1.145565915,1.682740343,4.353623031,6.947252134,8.336978244,15.98573325,33.40846226,38.43379753,62.05370067,108.8781364,144.0201088,184.9234748,240.1007347,283.3005294,258.7295904,47.16125443,46.02854197,48.31479788,44.78343233,43.70417469, ,45.87567087, ,18.87861728,18.35490269, ,19.4095962, ,100, 
40,S92000003,C19-C20,Rectum and rectosigmoid junction,All,d,2016-2020,0,0,0,0,6,9,32,72,95,182,405,562,684,847,917,761,672,398,143,5785,0,0,0,0,0.340829499,0.474140633,1.766215932,4.178779808,5.849786113,9.769241918,20.12292374,29.13677382,40.61441776,55.61830216,68.73032529,79.24021029,95.90792839,97.6665546,67.41276411,21.2708066,20.72617149,21.82613104,22.15560677,21.58071892, ,22.73794637, ,10.10141097,9.819741317, ,10.38700803, ,100, 
41,S92000003,C19-C20,Rectum and rectosigmoid junction,Male, ,2016-2020,0,0,0,0,1,6,11,36,41,104,232,351,460,578,587,476,419,210,63,3575,0,0,0,0,0.112678596,0.633351665,1.231791876,4.260627306,5.14847059,11.56029528,23.82001107,37.43924123,56.29390313,78.65625719,93.05260088,111.1476933,143.6520535,138.2033564,98.29159841,26.99178823,26.11416785,27.89138451,29.14317104,28.1833174, ,30.11887309, ,13.0143696,12.56234696, ,13.47427015, ,100, 
42,S92000003,C19-C20,Rectum and rectosigmoid junction,Female, ,2016-2020,0,0,0,0,5,3,21,36,54,78,173,211,224,269,330,285,253,188,80,2210,0,0,0,0,0.572782958,0.315513814,2.285652091,4.100017653,6.524591669,8.096670089,16.65609213,21.284859,25.83648504,34.13545303,46.91671856,53.56015275,61.85894693,73.56422587,54.04273429,15.83987421,15.18629394,16.51434798,15.1680425,14.54012286, ,15.80904976, ,7.188452344,6.854898965, ,7.529818364, ,100, 
43,S92000003,C53,Cervix uteri,Female, ,2016-2020,0,0,0,0,9,125,225,219,185,185,121,129,103,79,73,57,44,23,9,1586,0,0,0,0,1.031009324,13.14640893,24.48912955,24.94177405,22.35276776,19.2036406,11.6496367,13.01301806,11.88016946,10.02491,10.37854683,10.71203055,10.75807773,8.999878697,6.079807608,11.36743914,10.81481112,11.94098743,11.43496901,10.87666882, ,12.00704562, ,8.880514637,8.424832527, ,9.34802941, ,100, 
44,S92000003,D06,Carcinoma in situ of the cervix uteri,Female, ,2016-2020,0,0,0,1,598,2872,2697,1597,903,566,309,223,142,29,7,2,3,1,0,9950,0,0,0,0.142314315,68.50484173,302.0518915,293.5430328,181.8813387,109.1056718,58.75275987,29.74989867,22.49537231,16.37848605,3.680030252,0.995203121,0.375860721,0.7335053,0.391299074,0,71.31527076,69.9208105,72.73054589,70.62211698,69.2345985, ,72.02321035, ,71.43573439,70.01989519, ,72.86554862, ,100, 
45,S92000003,C54,Corpus uteri,Female, ,2016-2020,0,0,0,0,0,3,13,36,61,128,277,542,579,660,656,508,297,167,69,3996,0,0,0,0,0,0.315513814,1.414927485,4.100017653,7.370372071,13.28684322,26.66900301,54.67485108,66.78270017,83.75241264,93.26474962,95.46862315,72.61702466,65.34694532,46.61185833,28.64078613,27.75957913,29.54284854,27.62167844,26.76991279, ,28.48659753, ,13.77533758,13.31678922, ,14.24153951, ,100, 
46,S92000003,C56,Ovary,Female, ,2016-2020,2,1,8,12,23,34,62,58,101,165,235,297,347,379,354,364,240,157,83,2922,0.298256393,0.136478713,1.140363006,1.707771785,2.634801605,3.575823228,6.748115698,6.605583996,12.20340294,17.12757134,22.62532747,29.96020437,40.02348352,48.09418847,50.32884355,68.40665123,58.68042397,61.43395459,56.06933683,20.9430373,20.19048864,21.71646011,20.28558775,19.5544212, ,21.02998679, ,11.01851769,10.56959893, ,11.47664211, ,100, 
47,S92000003,C53-C55,Uterus,Female, ,2016-2020,0,0,0,1,9,128,239,260,251,327,418,687,704,769,753,583,361,208,96,5794,0,0,0,0.142314315,1.031009324,13.46192274,26.01289761,29.6112386,30.32726869,33.9437323,40.24419949,69.30188689,81.20038155,97.58425049,107.0554214,109.5634002,88.26513772,81.39020735,64.85128115,41.52770641,40.46521794,42.61103153,40.51217305,39.47248392, ,41.56518927, ,23.38046727,22.72234878, ,24.04785019, ,100, 
48,S92000003,C52,Vagina,Female, ,2016-2020,1,0,0,0,0,0,1,2,2,5,9,12,16,18,19,19,13,6,4,127,0.149128197,0,0,0,0,0,0.108840576,0.227778758,0.241651543,0.519017313,0.866501903,1.210513308,1.845463217,2.284156708,2.701265614,3.57067685,3.178522965,2.347794443,2.702136715,0.910255215,0.75883876,1.083031008,0.879009003,0.732418793, ,1.038772826, ,0.435835038,0.352287974, ,0.528138865, ,100, 
49,S92000003,C51,Vulva,Female, ,2016-2020,0,0,0,0,0,4,10,14,21,27,54,57,73,57,95,59,67,47,45,630,0,0,0,0,0,0.420685086,1.088405758,1.594451309,2.537341205,2.802693492,5.199011418,5.749938213,8.419925928,7.23316291,13.50632807,11.08789127,16.38161836,18.39105647,30.39903804,4.515439254,4.169679801,4.882221468,4.330326539,3.997654814, ,4.676104661, ,2.135658958,1.950886648, ,2.328671743, ,100, 
50,S92000003,"C00-C14, C30-C32",Head and neck,All,d,2016-2020,4,2,3,5,14,15,35,73,147,302,611,832,1005,1041,847,679,438,208,109,6370,0.289492787,0.133411512,0.20905632,0.347864322,0.795268832,0.790234389,1.931798676,4.236818416,9.051774302,16.21050032,30.35828741,43.13486801,59.67469276,68.35732297,63.48373557,70.70184335,62.51141761,51.04181748,51.38455446,23.42178704,22.85010462,24.00415658,24.15601409,23.56062048, ,24.75873383, ,12.59659263,12.26639728, ,12.93111241, ,100, 
51,S92000003,"C00-C14, C30-C32",Head and neck,Male, ,2016-2020,3,0,3,3,6,8,21,35,101,217,443,604,714,751,608,471,270,128,45,4431,0.421844219,0,0.409004089,0.408345493,0.676071573,0.844468887,2.351602673,4.142276548,12.6828178,24.12100072,45.48390044,64.42536098,87.37792789,102.1987009,96.38156956,109.9801755,92.56814901,84.23823626,70.20828458,33.4547171,32.47684603,34.45455154,34.90963103,33.87909833, ,35.9553881, ,18.14662892,17.58428075, ,18.71770484, ,100, 
52,S92000003,"C00-C14, C30-C32",Head and neck,Female, ,2016-2020,1,2,0,2,8,7,14,38,46,85,168,228,291,290,239,208,168,80,64,1939,0.149128197,0.272957425,0,0.284628631,0.916452732,0.7361989,1.523768061,4.327796411,5.557985496,8.823294327,16.17470219,22.99975285,33.56436226,36.80030252,33.97907799,39.08951499,41.07629678,31.3039259,43.23418743,13.89751859,13.2857541,14.53018663,13.40239715,12.81090176, ,14.00705419, ,7.046556345,6.703403015, ,7.398154953, ,100, 
53,S92000003,C32,Larynx,All,d,2016-2020,0,0,0,0,2,0,4,13,20,46,102,156,211,265,209,174,81,44,20,1347,0,0,0,0,0.113609833,0,0.220776992,0.75450191,1.231533919,2.469149056,5.067995608,8.087787752,12.52871659,17.40123976,15.66481787,18.11799815,11.56033065,10.79730754,9.428358617,4.952770353,4.691778003,5.22450254,5.228774755,4.950262413, ,5.514801932, ,2.575962567,2.432403547, ,2.723579587, ,100, 
54,S92000003,C32,Larynx,Male, ,2016-2020,0,0,0,0,1,0,2,6,10,31,80,128,163,213,164,145,63,39,13,1058,0,0,0,0,0.112678596,0,0.223962159,0.710104551,1.255724534,3.445857246,8.21379692,13.65305663,19.94762219,28.98578336,25.99766021,33.85801583,21.59923477,25.66633761,20.28239332,7.988059286,7.513915859,8.484281625,8.435629691,7.929433803, ,8.957266346, ,4.058318532,3.805181263, ,4.319492078, ,100, 
55,S92000003,C32,Larynx,Female, ,2016-2020,0,0,0,0,1,0,2,7,10,15,22,28,48,52,45,29,18,5,7,289,0,0,0,0,0.114556592,0,0.217681152,0.797225655,1.208257717,1.55705194,2.118115763,2.824531052,5.536389651,6.598674935,6.397734349,5.449980455,4.401031797,1.956495369,4.728739251,2.071368166,1.839415338,2.324475099,2.021919818,1.794995987, ,2.262154871, ,1.093606602,0.961277201, ,1.234345423, ,100, 
56,S92000003,C00-C14,"Lip, oral cavity and pharynx",All,d,2016-2020,2,2,2,5,12,13,29,53,121,247,483,653,775,748,607,465,332,154,86,4789,0.144746393,0.133411512,0.13937088,0.347864322,0.681658999,0.684869804,1.600633188,3.076046247,7.450780208,13.25825689,23.99844979,33.85465001,46.0177979,49.11746165,45.49542797,48.41878816,47.38308367,37.7905764,40.54194205,17.60862451,17.1134027,18.11454033,18.05684078,17.54419011, ,18.57677113, ,9.57658227,9.287277801, ,9.870262127, ,100, 
57,S92000003,C00-C14,"Lip, oral cavity and pharynx",Male, ,2016-2020,1,0,2,3,5,7,18,26,88,180,348,465,539,522,425,305,199,86,32,3251,0.14061474,0,0.272669392,0.408345493,0.563392978,0.738910276,2.015659434,3.077119721,11.0503759,20.00820336,35.7300166,49.59899479,65.9617691,71.03558175,67.3719853,71.21858502,68.22615427,56.59756499,49.92589126,24.54553945,23.70896631,25.40409448,25.50405942,24.62641192, ,26.39685888, ,13.56527729,13.07594277, ,14.06347504, ,100, 
58,S92000003,C00-C14,"Lip, oral cavity and pharynx",Female, ,2016-2020,1,2,0,2,7,6,11,27,33,67,135,188,236,226,182,160,133,68,54,1538,0.149128197,0.272957425,0,0.284628631,0.801896141,0.631027628,1.197246333,3.07501324,3.987250465,6.954831999,12.99752854,18.96470849,27.22058245,28.67885645,25.87528114,30.06885768,32.51873495,26.60833702,36.47884565,11.02340567,10.47930895,11.58842538,10.60962213,10.08461867, ,11.14775993, ,5.587887247,5.282203495, ,5.902048291, ,100, 
59,S92000003,C03-C06,Mouth (IARC definition),All,d,2016-2020,0,1,0,2,1,2,1,5,22,37,89,124,190,196,189,146,108,47,29,1189,0,0.066705756,0,0.139145729,0.056804917,0.105364585,0.055194248,0.290193042,1.35468731,1.986054676,4.422074599,6.428754367,11.28178271,12.87035091,14.16579224,15.20245822,15.41377421,11.5334876,13.67111999,4.371821789,4.126826367,4.627563316,4.452791305,4.200801309, ,4.712017528, ,2.164910056,2.03355864, ,2.300314076, ,100, 
60,S92000003,C03-C06,Mouth (IARC definition),Male, ,2016-2020,0,0,0,2,0,1,0,4,14,20,54,77,117,123,120,95,50,14,7,698,0,0,0,0.272230329,0,0.105558611,0,0.473403034,1.758014348,2.223133707,5.544312921,8.21316688,14.31823188,16.73826926,19.0226782,22.18283796,17.14224982,9.213557091,10.92128871,5.270005087,4.886245446,5.67589569,5.549201152,5.14126893, ,5.972485251, ,2.717432337,2.5076347, ,2.935538191, ,100, 
61,S92000003,C03-C06,Mouth (IARC definition),Female, ,2016-2020,0,1,0,0,1,1,1,1,8,17,35,47,73,73,69,51,58,33,22,491,0,0.136478713,0,0,0.114556592,0.105171271,0.108840576,0.113889379,0.966606173,1.764658865,3.369729623,4.741177123,8.419925928,9.263524428,9.809859335,9.584448387,14.18110246,12.91286944,14.86175193,3.519175673,3.214740965,3.844669816,3.356381458,3.065273813, ,3.660505457, ,1.612387776,1.456985182, ,1.77555193, ,100, 
62,S92000003,C01-C06,Oral cavity,All,d,2016-2020,1,1,0,3,5,2,10,20,56,117,224,328,420,408,340,268,183,92,45,2523,0.072373197,0.066705756,0,0.208718593,0.284024583,0.105364585,0.551942479,1.160772169,3.448294972,6.280226947,11.12971584,17.0050922,24.93867757,26.79134272,25.48343577,27.90588221,26.11778407,22.5761885,21.21380689,9.276792576,8.91830536,9.645993368,9.449880249,9.081583956, ,9.82539448, ,4.889254509,4.686077861, ,5.096682521, ,100, 
63,S92000003,C01-C06,Oral cavity,Male, ,2016-2020,1,0,0,2,2,1,6,11,40,78,148,226,274,267,222,172,93,43,11,1597,0.14061474,0,0,0.272230329,0.225357191,0.105558611,0.671886478,1.301858344,5.022898137,8.670221457,15.1955243,24.10617811,33.53158577,36.33429181,35.19195468,40.16261188,31.88458466,28.29878249,17.16202512,12.05759043,11.473408,12.6638098,12.53536772,11.92295423, ,13.16290279, ,6.553037252,6.217112515, ,6.897676211, ,100, 
64,S92000003,C01-C06,Oral cavity,Female, ,2016-2020,0,1,0,1,3,1,4,9,16,39,76,102,146,141,118,96,90,49,34,926,0,0.136478713,0,0.142314315,0.343669775,0.105171271,0.435362303,1.025004413,1.933212346,4.048335044,7.31712718,10.28936312,16.83985186,17.89256088,16.77628118,18.04131461,22.00515899,19.17365462,22.96816207,6.636978968,6.216330243,7.078601961,6.364392779,5.960021196, ,6.781848639, ,3.225471765,2.999743751, ,3.459272016, ,100, 
65,S92000003,C07-C08,Salivary glands,All,d,2016-2020,0,0,0,0,5,9,10,9,10,11,22,29,25,42,28,25,30,19,12,286,0,0,0,0,0.284024583,0.474140633,0.551942479,0.522347476,0.615766959,0.590448687,1.093097092,1.503499005,1.484445094,2.757932339,2.098635887,2.603160654,4.281603946,4.662473712,5.65701517,1.051590439,0.933235321,1.180798795,1.094992351,0.969481316, ,1.228032454, ,0.576155042,0.504155699, ,0.652890032, ,100, 
66,S92000003,C07-C08,Salivary glands,Male, ,2016-2020,0,0,0,0,2,4,5,3,6,6,11,12,12,22,17,16,21,11,6,154,0,0,0,0,0.225357191,0.422234444,0.559905398,0.355052276,0.753434721,0.666940112,1.129397077,1.279974059,1.468536603,2.993836779,2.694879412,3.736056919,7.199744923,7.239223429,9.36110461,1.162723185,0.986336835,1.361550911,1.280937843,1.082658081, ,1.495644058, ,0.614753202,0.51200307, ,0.726759915, ,100, 
67,S92000003,C07-C08,Salivary glands,Female, ,2016-2020,0,0,0,0,3,5,5,6,4,5,11,17,13,20,11,9,9,8,6,132,0,0,0,0,0.343669775,0.525856357,0.544202879,0.683336275,0.483303087,0.519017313,1.059057881,1.714893853,1.499438864,2.537951898,1.563890619,1.691373245,2.200515899,3.13039259,4.053205072,0.946092034,0.791587381,1.121944443,0.909046858,0.76014368, ,1.071071125, ,0.537556882,0.43957799, ,0.645246195, ,100, 
68,S92000003,C73,Thyroid,All,d,2016-2020,1,0,3,23,39,85,111,130,120,154,167,135,115,143,111,79,45,28,14,1503,0.072373197,0,0.20905632,1.60017588,2.215391747,4.47799487,6.126561514,7.545019098,7.389203512,8.266281623,8.297600652,6.999047093,6.828447431,9.390102963,8.319592265,8.225987665,6.422405919,6.871013892,6.599851032,5.526365137,5.250475579,5.812989339,5.491467186,5.215873216, ,5.774056223, ,3.995412083,3.77940104, ,4.21734152, ,100, 
69,S92000003,C73,Thyroid,Male, ,2016-2020,0,0,0,6,4,21,20,30,27,37,40,43,49,53,55,30,15,6,1,437,0,0,0,0.816690986,0.450714382,2.216730829,2.239621594,3.550522755,3.390456242,4.112797358,4.10689846,4.586573712,5.996524463,7.212424967,8.71872751,7.005106723,5.142674945,3.948667325,1.560184102,3.299415792,2.997281901,3.623753587,3.385928859,3.074043035, ,3.712667742, ,2.215882602,1.997942133, ,2.444942655, ,100, 
70,S92000003,C73,Thyroid,Female, ,2016-2020,1,0,3,17,35,64,91,100,93,117,127,92,66,90,56,49,30,22,13,1066,0.149128197,0,0.427636127,2.419343362,4.009480704,6.730961371,9.904492395,11.38893792,11.23679676,12.14500513,12.22730463,9.280602029,7.61253577,11.42078354,7.961624968,9.208587666,7.335052996,8.608579623,8.781944322,7.640409913,7.188580771,8.113197779,7.597005514,7.146021249, ,8.061594279, ,5.774941564,5.404413707, ,6.157580551, ,100, 
71,S92000003,C01-C02,Tongue,All,d,2016-2020,1,0,0,1,4,0,9,15,34,80,135,204,230,212,151,122,75,45,16,1334,0.072373197,0,0,0.069572864,0.227219666,0,0.496748231,0.870579127,2.093607662,4.294172271,6.707641246,10.57633783,13.65689486,13.92099181,11.31764353,12.70342399,10.70400986,11.0427009,7.542686894,4.904970787,4.64525793,5.175423956,4.997088944,4.730563233, ,5.2708159, ,2.724344452,2.570484582, ,2.882613385, ,100, 
72,S92000003,C01-C02,Tongue,Male, ,2016-2020,1,0,0,0,2,0,6,7,26,58,94,149,157,144,102,77,43,29,4,899,0.14061474,0,0,0,0.225357191,0,0.671886478,0.82845531,3.264883789,6.44708775,9.651211381,15.89301123,19.21335389,19.59602255,16.16927647,17.97977392,14.74233484,19.0852254,6.240736407,6.787585348,6.351085223,7.246183501,6.986166566,6.533640938, ,7.453629597, ,3.835604915,3.57552564, ,4.104685322, ,100, 
73,S92000003,C01-C02,Tongue,Female, ,2016-2020,0,0,0,1,2,0,3,8,8,22,41,55,73,68,49,45,32,16,12,435,0,0,0,0.142314315,0.229113183,0,0.326521727,0.911115034,0.966606173,2.283676179,3.947397558,5.548185995,8.419925928,8.629036454,6.966421847,8.456866224,7.824056529,6.260785181,8.106410144,3.117803295,2.831660249,3.425025284,3.008011321,2.731318768, ,3.297861776, ,1.613083989,1.451720646, ,1.78282857, ,100, 
74,S92000003,"C01, C02.4, C05.1, C05.2, C09, C10",Oropharyngeal cancers,All,d,2016-2020,1,1,0,0,1,0,6,22,52,128,260,366,392,289,218,142,67,29,12,1986,0.072373197,0.066705756,0,0,0.056804917,0,0.331165487,1.276849386,3.201988188,6.870675634,12.91842018,18.97519434,23.27609907,18.97720109,16.3393794,14.78595251,9.562248813,7.116407245,5.65701517,7.302302836,6.984641796,7.630686516,7.399270695,7.07551081, ,7.730171653, ,4.267854041,4.073139523, ,4.467051004, ,100, 
75,S92000003,"C01, C02.4, C05.1, C05.2, C09, C10",Oropharyngeal cancers,Male, ,2016-2020,1,0,0,0,0,0,6,13,42,104,207,271,290,218,163,100,43,16,5,1479,0.14061474,0,0,0,0,0,0.671886478,1.538559861,5.274043044,11.56029528,21.25319953,28.90608084,35.48963458,29.66620081,25.83913789,23.35035574,14.74233484,10.52977953,7.800920509,11.16667267,10.60475827,11.75063119,11.29492996,10.7232891, ,11.88120609, ,6.560634441,6.216728813, ,6.913668137, ,100, 
76,S92000003,"C01, C02.4, C05.1, C05.2, C09, C10",Oropharyngeal cancers,Female, ,2016-2020,0,1,0,0,1,0,0,9,10,24,53,95,102,71,55,42,24,13,7,507,0,0.136478713,0,0,0.114556592,0,0,1.025004413,1.208257717,2.491283104,5.102733428,9.583230356,11.76482801,9.009729239,7.819453093,7.893075142,5.868042397,5.086887959,4.728739251,3.633853495,3.324386855,3.964374596,3.503611425,3.204644228, ,3.815720597, ,1.975073642,1.795650746, ,2.162917949, ,100, 
77,S92000003,C81,Hodgkin lymphoma,All,d,2016-2020,0,10,24,60,72,71,74,54,41,62,57,54,56,58,69,50,40,21,6,879,0,0.667057562,1.672450558,4.174371861,4.089953994,3.740442774,4.084374343,3.134084856,2.524644533,3.32798351,2.832115193,2.799618837,3.32515701,3.80857323,5.171638435,5.206321307,5.708805261,5.153260419,2.828507585,3.231985998,3.021829661,3.452905323,3.25782553,3.044382905, ,3.478397157, ,2.721385756,2.523565286, ,2.926564594, ,100, 
78,S92000003,C81,Hodgkin lymphoma,Male, ,2016-2020,0,7,15,32,34,36,38,36,24,41,33,33,35,25,42,29,18,11,3,492,0,0.913354019,2.045020443,4.355685258,3.83107225,3.800109992,4.255281028,4.260627306,3.013738882,4.557424099,3.38819123,3.519928663,4.28323176,3.402087249,6.657937371,6.771603165,6.171209934,7.239223429,4.680552305,3.714674072,3.393646651,4.057885312,3.788475377,3.458254098, ,4.133538942, ,3.090847855,2.796241536, ,3.399997212, ,100, 
79,S92000003,C81,Hodgkin lymphoma,Female, ,2016-2020,0,3,9,28,38,35,36,18,17,21,24,21,21,33,27,21,22,10,3,387,0,0.409436138,1.282908382,3.984800831,4.353150478,3.6809945,3.918260728,2.050008826,2.054038118,2.179872716,2.310671741,2.118398289,2.422170472,4.187620632,3.838640609,3.946537571,5.379038864,3.912990738,2.026602536,2.773769828,2.50426751,3.064371062,2.727175682,2.461264302, ,3.006530731, ,2.351923657,2.092491268, ,2.626297522, ,100, 
80,S92000003,C64-C65,Kidney,All,d,2016-2020,19,8,1,3,3,14,38,70,133,271,378,519,675,772,817,664,558,348,142,5433,1.375090738,0.53364605,0.06968544,0.208718593,0.17041475,0.737552096,2.097381419,4.062702591,8.189700559,14.54650857,18.78139549,26.90744771,40.08001753,50.69342299,61.23519712,69.13994696,79.63783339,85.39688694,66.94134618,19.97654144,19.44884421,20.51492952,20.78995741,20.23299129, ,21.35438052, ,10.07915234,9.782059745, ,10.38062736, ,100, 
81,S92000003,C64-C65,Kidney,Male, ,2016-2020,10,4,0,3,0,5,17,44,93,185,244,353,428,505,525,396,316,181,71,3380,1.406147395,0.521916582,0,0.408345493,0,0.527793054,1.903678355,5.207433374,11.67823817,20.56398679,25.05208061,37.65257024,52.37780552,68.72216242,83.22421714,92.46740874,108.3390188,119.118131,110.7730712,25.51950887,24.66635817,26.39463898,27.48468987,26.55272058, ,28.43250952, ,13.29065337,12.80677795, ,13.78337595, ,100, 
82,S92000003,C64-C65,Kidney,Female, ,2016-2020,9,4,1,0,3,9,21,26,40,86,134,166,247,267,292,268,242,167,71,2053,1.342153769,0.545914851,0.142545376,0,0.343669775,0.946541443,2.285652091,2.96112386,4.833030866,8.92709779,12.90125055,16.7454341,28.48933841,33.88165784,41.51418733,50.36533662,59.1694275,65.34694532,47.96292668,14.71459808,14.08490834,15.3651869,14.09522494,13.49015235, ,14.71338529, ,6.867651297,6.52578467, ,7.218123127, ,100, 
83,S92000003,C91-C95,Leukaemias,All,d,2016-2020,107,62,37,26,43,26,45,55,75,110,197,248,323,397,485,509,411,271,125,3552,7.74393205,4.135756887,2.578361277,1.808894473,2.442611413,1.369739607,2.483741154,3.192123464,4.618252195,5.904486873,9.788187595,12.85750873,19.17903061,26.06902711,36.35137161,53.00035091,58.65797406,66.50159874,58.92724136,13.06031202,12.63430316,13.49702324,13.69225693,13.23827727, ,14.15378329, ,7.542861877,7.229457758, ,7.862822801, ,100, 
84,S92000003,C91-C95,Leukaemias,Male, ,2016-2020,49,34,18,11,29,17,28,28,38,57,119,147,194,271,306,295,234,143,59,2077,6.890122236,4.436290948,2.454024532,1.497266808,3.267679272,1.794496385,3.135470231,3.313821238,4.77175323,6.335931065,12.21802292,15.67968223,23.74134175,36.87862577,48.50782942,68.88354944,80.22572915,94.10990457,92.050862,15.6816627,15.01443527,16.37090442,17.16864437,16.42557044, ,17.92792632, ,8.906169387,8.446452264, ,9.37789684, ,100, 
85,S92000003,C91-C95,Leukaemias,Female, ,2016-2020,58,28,19,15,14,9,17,27,37,53,78,101,129,126,179,214,177,128,66,1475,8.649435401,3.821403957,2.708362139,2.134714731,1.603792281,0.946541443,1.850289788,3.07501324,4.470553551,5.501583522,7.509683159,10.18848701,14.87904719,15.98909696,25.44876552,40.21709715,43.27681267,50.08628145,44.58525579,10.57186175,10.03916705,11.12548319,10.2158695,9.699178488, ,10.74578, ,6.179554368,5.757698596, ,6.616112668, ,100, 
86,S92000003,C91.0,Acute lymphoblastic leukaemia,All,d,2016-2020,94,55,27,12,16,3,9,10,6,5,15,10,7,17,10,12,7,3,4,322,6.803080493,3.668816593,1.881506878,0.834874372,0.908878665,0.158046878,0.496748231,0.580386084,0.369460176,0.268385767,0.745293472,0.518447933,0.415644626,1.116305947,0.749512817,1.249517114,0.999040921,0.73618006,1.885671723,1.183958466,1.05815818,1.320599943,1.192142828,1.064675387, ,1.3267132, ,1.763422087,1.554322848, ,1.985525349, ,100, 
87,S92000003,C91.0,Acute lymphoblastic leukaemia,Male, ,2016-2020,47,30,14,6,14,2,4,7,3,3,9,5,5,10,6,7,3,0,2,177,6.608892757,3.914374366,1.908685747,0.816690986,1.577500338,0.211117222,0.447924319,0.82845531,0.37671736,0.333470056,0.924052154,0.533322525,0.611890251,1.360834899,0.95113391,1.634524902,1.028534989,0,3.120368203,1.336376648,1.14674747,1.548408101,1.320531771,1.131373634, ,1.524097177, ,1.870047334,1.576730492, ,2.188015703, ,100, 
88,S92000003,C91.0,Acute lymphoblastic leukaemia,Female, ,2016-2020,47,25,13,6,2,1,5,3,3,2,6,5,2,7,4,5,4,3,2,145,7.009025238,3.411967818,1.853089885,0.853885892,0.229113183,0.105171271,0.544202879,0.341668138,0.362477315,0.207606925,0.577667935,0.504380545,0.230682902,0.888283164,0.568687498,0.939651803,0.978007066,1.173897221,1.351068357,1.039267765,0.876997581,1.222858416,1.063753885,0.897326125, ,1.244130365, ,1.65679684,1.36660291, ,1.974514057, ,100, 
89,S92000003,C92.0,Acute myeloid leukaemia,All,d,2016-2020,6,3,7,6,12,7,12,17,22,26,47,61,78,78,111,117,104,78,37,829,0.43423918,0.200117269,0.487798079,0.417437186,0.681658999,0.368776048,0.662330975,0.986656344,1.35468731,1.395605988,2.335252878,3.16253239,4.631468692,5.121874343,8.319592265,12.18279186,14.84289368,19.14068156,17.44246344,3.048141516,2.84415155,3.262898044,3.180603097,2.963989682, ,3.404747346, ,1.557208854,1.432042283, ,1.687544617, ,100, 
90,S92000003,C92.0,Acute myeloid leukaemia,Male, ,2016-2020,1,2,3,2,8,5,9,6,8,14,24,33,41,52,61,70,50,39,14,442,0.14061474,0.260958291,0.409004089,0.272230329,0.901428765,0.527793054,1.007829717,0.710104551,1.004579627,1.556193595,2.464139076,3.519928663,5.017500061,7.076341477,9.66986142,16.34524902,17.14224982,25.66633761,21.84257742,3.337166545,3.033267635,3.66326738,3.69988902,3.356897046, ,4.059325417, ,1.717555836,1.539812142, ,1.904867967, ,100, 
91,S92000003,C92.0,Acute myeloid leukaemia,Female, ,2016-2020,5,1,4,4,4,2,3,11,14,12,23,28,37,26,50,47,54,39,23,387,0.745640983,0.136478713,0.570181503,0.569257262,0.458226366,0.210342543,0.326521727,1.252783172,1.691560803,1.245641552,2.214393752,2.824531052,4.267633689,3.299337468,7.108593721,8.832726945,13.20309539,15.26066388,15.53728611,2.773769828,2.50426751,3.064371062,2.661317175,2.401661036, ,2.934109592, ,1.396861873,1.223774038, ,1.581231747, ,100, 
92,S92000003,C91.1,Chronic lymphocytic leukaemia,All,d,2016-2020,1,1,0,0,0,0,1,2,15,27,64,99,130,171,201,218,141,93,28,1192,0.072373197,0.066705756,0,0,0,0,0.055194248,0.116077217,0.923650439,1.449283142,3.179918813,5.132634535,7.719114487,11.22872452,15.06520762,22.6995609,20.12353855,22.82158185,13.19970206,4.382852457,4.137543717,4.638907173,4.641669192,4.378153689, ,4.912776701, ,1.957420599,1.837495654, ,2.081082985, ,100, 
93,S92000003,C91.1,Chronic lymphocytic leukaemia,Male, ,2016-2020,0,0,0,0,0,0,1,1,8,17,46,68,85,122,142,134,86,56,15,781,0,0,0,0,0,0,0.11198108,0.118350759,1.004579627,1.889663651,4.722933229,7.253186335,10.40213427,16.60218577,22.51016921,31.2894767,29.48466969,36.85422836,23.40276153,5.896667582,5.49031338,6.325137616,6.458516376,6.00751437, ,6.925610018, ,2.702738685,2.504531131, ,2.908387002, ,100, 
94,S92000003,C91.1,Chronic lymphocytic leukaemia,Female, ,2016-2020,1,1,0,0,0,0,0,1,7,10,18,31,45,49,59,84,55,37,13,411,0.149128197,0.136478713,0,0,0,0,0,0.113889379,0.845780402,1.038034627,1.733003806,3.127159379,5.190365298,6.217982151,8.388140591,15.78615028,13.44759716,14.47806573,8.781944322,2.945786561,2.667842288,3.24481933,2.824822009,2.557405607, ,3.105344712, ,1.212102514,1.079681262, ,1.352072943, ,100, 
95,S92000003,C92.1-C92.2,Chronic myeloid leukaemia,All,d,2016-2020,1,1,2,4,10,10,9,17,16,24,32,36,43,36,35,35,30,7,6,354,0.072373197,0.066705756,0.13937088,0.278291457,0.568049166,0.526822926,0.496748231,0.986656344,0.985227135,1.288251681,1.589959406,1.866412558,2.553245561,2.363942005,2.623294858,3.644424915,4.281603946,1.717753473,2.828507585,1.301618935,1.16954356,1.444526363,1.332492369,1.195867016, ,1.476401098, ,0.820550474,0.726946373, ,0.919741169, ,100, 
96,S92000003,C92.1-C92.2,Chronic myeloid leukaemia,Male, ,2016-2020,0,1,0,0,5,8,6,10,11,11,18,17,23,20,19,18,19,4,3,193,0,0.130479146,0,0,0.563392978,0.844468887,0.671886478,1.183507585,1.381296988,1.222723539,1.848104307,1.813296584,2.814695156,2.721669799,3.011924049,4.203064034,6.514054931,2.632444883,4.680552305,1.457179057,1.258840186,1.677897193,1.534115115,1.322733923, ,1.760935565, ,0.903456443,0.769077312, ,1.048496232, ,100, 
97,S92000003,C92.1-C92.2,Chronic myeloid leukaemia,Female, ,2016-2020,1,0,2,4,5,2,3,7,5,13,14,19,20,16,16,17,11,3,3,161,0.149128197,0,0.285090752,0.569257262,0.572782958,0.210342543,0.326521727,0.797225655,0.604128858,1.349445015,1.347891849,1.916646071,2.306829021,2.030361519,2.274749991,3.194816129,2.689519432,1.173897221,2.026602536,1.153945587,0.982581869,1.346600793,1.130869623,0.96246999, ,1.312645543, ,0.737644506,0.610774518, ,0.876308793, ,100, 
98,S92000003,C22,Liver and intrahepatic bile ducts,All,d,2016-2020,4,1,0,2,2,5,5,9,16,64,139,226,347,466,520,513,422,261,114,3116,0.289492787,0.066705756,0,0.139145729,0.113609833,0.263411463,0.275971239,0.522347476,0.985227135,3.435337817,6.906386171,11.71692328,20.6040979,30.59991595,38.97466647,53.41685661,60.22789551,64.0476652,53.74164412,11.45718814,11.05840291,11.86667979,12.16467066,11.73461479, ,12.60235773, ,5.019753444,4.827140493, ,5.21608181, ,100, 
99,S92000003,C22,Liver and intrahepatic bile ducts,Male, ,2016-2020,2,1,0,1,1,2,3,6,7,50,102,172,258,341,369,349,271,144,47,2126,0.281229479,0.130479146,0,0.136115164,0.112678596,0.211117222,0.335943239,0.710104551,0.879007174,5.557834268,10.47259107,18.34629485,31.57353697,46.40447007,58.49473547,81.49274154,92.91099401,94.76801579,73.32865278,16.05162008,15.37648349,16.74876909,17.6045511,16.8534871, ,18.37175845, ,7.337894398,7.006260934, ,7.677088852, ,100, 
100,S92000003,C22,Liver and intrahepatic bile ducts,Female, ,2016-2020,2,0,0,1,1,3,2,3,9,14,37,54,89,125,151,164,151,117,67,990,0.298256393,0,0,0.142314315,0.114556592,0.315513814,0.217681152,0.341668138,1.087431945,1.453248477,3.562285601,5.447309886,10.26538914,15.86219936,21.46795304,30.82057913,36.91976675,45.78199163,45.26078997,7.095690257,6.660514593,7.551832676,6.724790214,6.310965372, ,7.151570358, ,2.701612491,2.508267358, ,2.902034178, ,100, 
101,S92000003,C33-C34,"Trachea, bronchus and lung",All,d,2016-2020,1,0,2,0,5,13,16,54,140,373,840,1656,2653,4125,5137,4834,3726,2009,855,26439,0.072373197,0,0.13937088,0,0.284024583,0.684869804,0.883107966,3.134084856,8.62073743,20.02157822,41.73643442,85.85497767,157.5293133,270.8683547,385.0247339,503.347144,531.7752101,492.9952467,403.0623309,97.21328534,96.04497798,98.39225687,100.6774391,99.44829021, ,101.9140329, ,40.00204525,39.47823276, ,40.52926224, ,100, 
102,S92000003,C33-C34,"Trachea, bronchus and lung",Male, ,2016-2020,0,0,0,0,2,4,9,30,74,197,418,780,1291,1986,2576,2382,1787,920,364,12820,0,0,0,0,0.225357191,0.422234444,1.007829717,3.550522755,9.292361553,21.89786701,42.91708891,83.19831385,157.9900629,270.261811,408.3534921,556.2054738,612.6640085,605.4623231,567.907013,96.7929301,95.12458001,98.4831979,108.0356058,106.1440569, ,109.9436288, ,41.8620138,41.09243412, ,42.63863424, ,100, 
103,S92000003,C33-C34,"Trachea, bronchus and lung",Female, ,2016-2020,1,0,2,0,3,9,7,24,66,176,422,876,1362,2139,2561,2452,1939,1089,491,13619,0.149128197,0,0.285090752,0,0.343669775,0.946541443,0.76188403,2.733345102,7.974500929,18.26940943,40.62931145,88.36747149,157.0950564,271.4339555,364.1021704,460.805244,474.0889253,426.1246914,331.6872817,97.6123289,95.97974604,99.26571642,93.3192724,91.7539672, ,94.89763334, ,38.14207669,37.43333527, ,38.85737274, ,100, 
104,S92000003,C45,Mesothelioma,All,d,2016-2020,0,0,0,0,0,0,3,0,3,7,12,23,54,128,222,226,169,104,41,992,0,0,0,0,0,0,0.165582744,0,0.184730088,0.375740074,0.596234777,1.192430245,3.206401402,8.405127128,16.63918453,23.53257231,24.11970223,25.52090874,19.32813516,3.647474528,3.423998528,3.881706453,4.228137067,3.96391197, ,4.500766584, ,1.414804313,1.322393317, ,1.51029218, ,100, 
105,S92000003,C45,Mesothelioma,Male, ,2016-2020,0,0,0,0,0,0,1,0,2,5,6,16,42,110,196,195,142,94,38,847,0,0,0,0,0,0,0.11198108,0,0.251144907,0.555783427,0.616034769,1.706632079,5.139878111,14.96918389,31.0703744,45.5331937,48.68398948,61.86245475,59.28699587,6.394977519,5.971501879,6.840558575,7.462268058,6.959194242, ,7.982648764, ,2.434523511,2.264180419, ,2.610957071, ,100, 
106,S92000003,C45,Mesothelioma,Female, ,2016-2020,0,0,0,0,0,0,2,0,1,2,6,7,12,18,26,31,27,10,3,145,0,0,0,0,0,0,0.217681152,0,0.120825772,0.207606925,0.577667935,0.706132763,1.384097413,2.284156708,3.696468735,5.825841176,6.601547696,3.912990738,2.026602536,1.039267765,0.876997581,1.222858416,0.994006075,0.838325107, ,1.162750175, ,0.395085114,0.326004358, ,0.470705437, ,100, 
107,S92000003,C60,Penis,Male, ,2016-2020,0,0,0,0,1,0,2,5,6,20,24,47,37,55,53,46,31,22,7,356,0,0,0,0,0.112678596,0,0.223962159,0.591753793,0.753434721,2.223133707,2.464139076,5.013231732,4.52798786,7.484591947,8.401682873,10.74116364,10.62819489,14.47844686,10.92128871,2.687853597,2.415863529,2.982085191,2.89460759,2.597631536, ,3.207425431, ,1.361646762,1.214340719, ,1.517263682, ,100, 
108,S92000003,C61,Prostate,Male, ,2016-2020,0,0,0,0,0,0,0,0,18,99,515,1351,2480,3808,4153,3197,1761,938,383,18703,0,0,0,0,0,0,0,0,2.260304162,11.00451185,52.87631767,144.1037462,303.4975647,518.2059297,658.3431881,746.5108731,603.7500386,617.3083251,597.550511,141.2104658,139.1938649,143.2489732,153.8142782,151.5877867, ,156.0567771, ,63.5978913,62.64544495, ,64.55742414, ,100, 
109,S92000003,C62,Testis,Male, ,2016-2020,5,1,2,20,77,136,197,177,122,93,88,58,32,23,14,9,4,0,1,1059,0.703073698,0.130479146,0.272669392,2.722303286,8.676251859,14.35597108,22.0602727,20.94808426,15.31983932,10.33757174,9.035176612,6.186541286,3.916097609,3.129920269,2.219312457,2.101532017,1.371379985,0,1.560184102,7.995609436,7.521238571,8.492059107,7.971901571,7.496276026, ,8.461949603, ,7.353823011,6.903469072, ,7.818205843, ,100, 
110,S92000003,C90,Multiple myeloma and malignant plasma cell neoplasms,All,d,2016-2020,0,1,0,0,0,1,5,15,25,45,96,178,216,308,431,385,355,186,87,2334,0,0.066705756,0,0,0,0.052682293,0.275971239,0.870579127,1.539417398,2.415471903,4.769878219,9.228373204,12.82560561,20.22483715,32.3040024,40.08867406,50.66564669,45.64316371,41.01335998,8.581860433,8.237195797,8.937241476,8.979405437,8.612331168, ,9.354032846, ,3.625513396,3.465290571, ,3.789306405, ,100, 
111,S92000003,C90,Multiple myeloma and malignant plasma cell neoplasms,Male, ,2016-2020,0,0,0,0,0,0,2,9,13,23,70,118,149,179,271,202,172,86,43,1337,0,0,0,0,0,0,0.223962159,1.065156827,1.632441894,2.556603763,7.187072305,12.58641158,18.23432949,24.3589447,42.95954827,47.1677186,58.96933937,56.59756499,67.08791637,10.09455129,9.560647682,10.6505089,11.16612754,10.56519495, ,11.78344732, ,4.57590524,4.317593296, ,4.84161605, ,100, 
112,S92000003,C90,Multiple myeloma and malignant plasma cell neoplasms,Female, ,2016-2020,0,1,0,0,0,1,3,6,12,22,26,60,67,129,160,183,183,100,44,997,0,0.136478713,0,0,0,0.105171271,0.326521727,0.683336275,1.44990926,2.283676179,2.50322772,6.05256654,7.727877221,16.36978974,22.74749991,34.39125598,44.74382327,39.12990738,29.72350386,7.145861804,6.709126122,7.603563464,6.792683338,6.37604317, ,7.22232307, ,2.675121553,2.48787337, ,2.869067237, ,100, 
113,S92000003,C82-C86,Non-Hodgkin lymphoma,All,d,2016-2020,5,14,13,16,29,39,61,73,117,189,326,432,575,671,830,728,636,326,116,5196,0.361865984,0.933880587,0.905910719,1.11316583,1.647342581,2.054609411,3.36684912,4.236818416,7.204473424,10.14498199,16.19771145,22.3969507,34.14223715,44.06125236,62.20956378,75.80403823,90.77000365,79.99823317,54.68447998,19.1051186,18.58913657,19.63179256,19.67287808,19.13498037, ,20.21812791, ,9.414560708,9.126965727, ,9.706554685, ,100, 
114,S92000003,C82-C86,Non-Hodgkin lymphoma,Male, ,2016-2020,4,7,9,11,16,19,37,47,68,121,193,249,326,374,446,397,326,156,44,2850,0.562458958,0.913354019,1.227012266,1.497266808,1.802857529,2.005613607,4.143299948,5.56248565,8.538926833,13.44995893,19.81578507,26.55946173,39.89524439,50.89522524,70.70095399,92.7009123,111.7674688,102.6653504,68.64810048,21.51792908,20.73510611,22.32274272,23.22476572,22.36960323, ,24.09574491, ,11.1489399,10.69968353, ,11.60730584, ,100, 
115,S92000003,C82-C86,Non-Hodgkin lymphoma,Female, ,2016-2020,1,7,4,5,13,20,24,26,49,68,133,183,249,297,384,331,310,170,72,2346,0.149128197,0.955350989,0.570181503,0.711571577,1.48923569,2.103425428,2.612173818,2.96112386,5.920462811,7.058635462,12.80497257,18.46032795,28.72002132,37.68858569,54.59399978,62.20494933,75.79554762,66.52084255,48.63846086,16.8146357,16.14103818,17.50912236,16.12099044,15.47311091, ,16.78197115, ,7.680181515,7.323847987, ,8.044860359, ,100, 
116,S92000003,C15,Oesophagus,All,d,2016-2020,0,0,0,0,1,3,4,11,31,89,168,357,498,694,769,655,567,342,200,4389,0,0,0,0,0.056804917,0.158046878,0.220776992,0.638424693,1.908877574,4.777266652,8.347286883,18.5085912,29.57014627,45.57154864,57.6375356,68.20280912,80.92231458,83.92452682,94.28358617,16.13786865,15.66392877,16.62250486,17.08727393,16.57601819, ,17.60618653, ,7.042557862,6.817632671, ,7.271082574, ,100, 
117,S92000003,C15,Oesophagus,Male, ,2016-2020,0,0,0,0,1,3,3,7,25,66,127,267,365,504,568,426,324,162,96,2944,0,0,0,0,0.112678596,0.316675833,0.335943239,0.82845531,3.139311336,7.336341233,13.03940261,28.47942282,44.66798835,68.58607893,90.04067683,99.47251546,111.0817788,106.6140178,149.7776738,22.22764323,21.43189752,23.04537739,24.41008537,23.5204194, ,25.31603574, ,10.31624578,9.923834522, ,10.71615953, ,100, 
118,S92000003,C15,Oesophagus,Female, ,2016-2020,0,0,0,0,0,0,1,4,6,23,41,90,133,190,201,229,243,180,104,1445,0,0,0,0,0,0,0.108840576,0.455557517,0.72495463,2.387479642,3.947397558,9.078849811,15.34041299,24.11054303,28.57654676,43.03605256,59.41392927,70.43383328,70.25555458,10.35684083,9.829661239,10.90494904,9.764462493,9.265781576, ,10.27602994, ,3.768869946,3.551455514, ,3.992652326, ,100, 
119,S92000003,C25,Pancreas,All,d,2016-2020,0,0,1,2,2,0,10,11,44,70,165,302,422,597,780,697,628,395,177,4303,0,0,0.06968544,0.139145729,0.113609833,0,0.551942479,0.638424693,2.709374621,3.757400738,8.198228189,15.65712757,25.05743318,39.20203824,58.4619997,72.57611902,89.6282426,96.93037454,83.44097376,15.82165614,15.352417,16.30159214,16.38173003,15.88764021, ,16.88328008, ,6.565683371,6.351336258, ,6.783538087, ,100, 
120,S92000003,C25,Pancreas,Male, ,2016-2020,0,0,1,1,2,0,3,7,23,32,93,167,207,343,432,337,296,175,66,2185,0,0,0.136334696,0.136115164,0.225357191,0,0.335943239,0.82845531,2.888166429,3.557013931,9.54853892,17.81297232,25.33225641,46.67663705,68.48164153,78.69069885,101.4821189,115.1694636,102.9721507,16.49707896,15.81253909,17.20362908,18.33891479,17.56522412, ,19.12904617, ,7.324363589,6.998954937, ,7.657062643, ,100, 
121,S92000003,C25,Pancreas,Female, ,2016-2020,0,0,0,1,0,0,7,4,21,38,72,135,215,254,348,360,332,220,111,2118,0,0,0,0.142314315,0,0,0.76188403,0.455557517,2.537341205,3.944531582,6.932015223,13.61827472,24.79841198,32.23198911,49.4758123,67.65492979,81.17458649,86.08579623,74.98429383,15.18047673,14.5407889,15.84106125,14.42454526,13.81470019, ,15.04737751, ,5.807003152,5.530135469, ,6.090538621, ,100, 
122,S92000003,C43,Malignant melanoma of the skin,All,d,2016-2020,0,3,0,12,73,123,203,255,282,414,528,601,671,752,828,799,609,388,184,6725,0,0.200117269,0,0.834874372,4.14675891,6.479921988,11.20443232,14.79984515,17.36462825,22.2223415,26.2343302,31.15872076,39.84250631,49.38012187,62.05966122,83.19701449,86.9165601,95.21262107,86.74089928,24.72708287,24.13959033,25.32526131,25.6324729,25.01501252, ,26.25735658, ,13.59374686,13.23507661, ,13.95714567, ,100, 
123,S92000003,C43,Malignant melanoma of the skin,Male, ,2016-2020,0,0,0,3,11,33,65,85,91,167,220,300,355,414,469,480,367,222,80,3362,0,0,0,0.408345493,1.239464551,3.483434159,7.278770179,10.05981447,11.42709326,18.56316645,22.58794153,31.99935148,43.44420785,56.33856484,74.34696731,112.0817076,125.8241137,146.100691,124.8147281,25.38360616,24.53274938,26.25644268,27.73472263,26.79078403, ,28.69477577, ,13.0274155,12.55089721, ,13.51268809, ,100, 
124,S92000003,C43,Malignant melanoma of the skin,Female, ,2016-2020,0,3,0,9,62,90,138,170,191,247,308,301,316,338,359,319,242,166,104,3363,0,0.409436138,0,1.280828839,7.102508675,9.465414427,15.01999946,19.36119447,23.07772239,25.63945528,29.65362068,30.36370881,36.44789854,42.89138708,51.03970292,59.94978501,59.1694275,64.95564625,70.25555458,24.10384478,23.29600463,24.9325503,23.53022317,22.73872498, ,24.33507314, ,14.16007822,13.62651452, ,14.70374538, ,100, 
125,S92000003,C44,Non-melanoma skin cancer,All,d,2016-2020,2,1,3,12,34,96,285,557,939,1683,2643,3764,4807,6390,8578,9168,8907,6258,3285,57412,0.144746393,0.066705756,0.20905632,0.834874372,1.931367164,5.057500088,15.73036064,32.3275049,57.82051748,90.33864916,131.3207097,195.1438019,285.4291026,419.5997058,642.9320941,954.6310749,1271.208212,1535.671605,1548.607903,211.0975883,209.3743213,212.8315124,227.4873114,225.5869159, ,229.3955679, ,89.66717855,88.85221615, ,90.48581005, ,100, 
126,S92000003,C44,Non-melanoma skin cancer,Male, ,2016-2020,1,1,3,5,14,37,115,238,409,766,1384,2141,2787,3829,5385,5735,5538,3736,1714,33838,0.14061474,0.130479146,0.409004089,0.680575822,1.577500338,3.905668603,12.87782416,28.16748053,51.35913345,85.14602098,142.0986867,228.3687051,341.0676261,521.063683,853.6426844,1339.142902,1898.67559,2458.703521,2674.15555,255.4819944,252.7670403,258.2188412,294.0175495,290.8241528, ,297.2281422, ,109.3047367,108.0429584, ,110.5737389, ,100, 
127,S92000003,C44,Non-melanoma skin cancer,Female, ,2016-2020,1,0,0,7,20,59,170,319,530,917,1259,1623,2020,2561,3193,3433,3369,2522,1571,23574,0.149128197,0,0,0.996200208,2.291131831,6.205105014,18.50289788,36.33071198,64.03765898,95.18777527,121.2139884,163.7219249,232.9897312,324.9847406,453.954795,645.1649277,823.7264514,986.8562641,1061.264195,168.9634365,166.813362,171.1343012,160.9570732,158.9013032, ,163.0258733, ,70.02962042,69.00022509, ,71.06653224, ,100, 
128,S92000003,"C44, M-8090-8098",Basal cell carcinoma of the skin,All,d,2016-2020,0,1,1,5,25,88,252,520,870,1531,2350,3212,3941,5018,6171,5883,4899,2799,1278,38844,0,0.066705756,0.06968544,0.347864322,1.420122914,4.636041748,13.90895046,30.18007639,53.57172546,82.17972184,116.7626439,166.525476,234.0079246,329.5072494,462.5243592,612.575765,699.1859244,686.8559958,602.4721156,142.8251014,141.4082526,144.2526105,148.8352481,147.3355512, ,150.342434, ,66.03915048,65.31587754, ,66.76635098, ,100, 
129,S92000003,"C44, M-8090-8098",Basal cell carcinoma of the skin,Male, ,2016-2020,0,1,1,2,7,33,97,215,377,674,1182,1757,2208,2845,3598,3297,2651,1419,556,20920,0,0.130479146,0.136334696,0.272230329,0.788750169,3.483434159,10.86216473,25.44541308,47.34081494,74.91960593,121.3588495,187.4095352,270.210735,387.1575289,570.3633014,769.8612288,908.8820853,933.8598223,867.4623606,157.9491496,155.8159609,160.1042418,174.2316623,171.8412289, ,176.638379, ,74.11424833,73.03376217, ,75.20255873, ,100, 
130,S92000003,"C44, M-8090-8098",Basal cell carcinoma of the skin,Female, ,2016-2020,0,0,0,3,18,55,155,305,493,857,1168,1455,1733,2173,2573,2586,2248,1380,722,17924,0,0,0,0.426942946,2.062018648,5.784419928,16.87028924,34.73626067,59.56710543,88.95956751,112.4526914,146.7747386,199.8867347,275.7484737,365.8082329,485.9879123,549.6399711,539.9927218,487.735677,128.4678305,126.5939045,130.3625534,123.4388339,121.6320784, ,125.2587252, ,57.96405263,57.00470243, ,58.9312974, ,100, 
131,S92000003,"C44, M-8050-8078, M-8083-8084",Squamous cell carcinoma of the skin,All,d,2016-2020,1,0,0,3,1,2,22,27,63,143,288,533,839,1338,2344,3195,3901,3365,1958,18023,0.072373197,0,0,0.208718593,0.056804917,0.105364585,1.214273453,1.567042428,3.879331844,7.675832935,14.30963466,27.63327482,49.81797734,87.85984451,175.6858042,332.6839315,556.7512331,825.7486338,923.0363086,66.26858208,65.30458884,67.24324418,76.38882691,75.24091267, ,77.54531122, ,22.79947249,22.43479799, ,23.16704634, ,100, 
132,S92000003,"C44, M-8050-8078, M-8083-8084",Squamous cell carcinoma of the skin,Male, ,2016-2020,0,0,0,2,1,1,13,17,28,91,200,373,560,961,1751,2367,2810,2264,1127,12566,0,0,0,0.272230329,0.112678596,0.105558611,1.455754036,2.011962895,3.516028696,10.11525837,20.5344923,39.78586034,68.53170815,130.7762338,277.5725794,552.7029204,963.3944397,1489.963804,1758.327483,94.87519186,93.22352321,96.54877887,116.5501478,114.4668473, ,118.6519754, ,34.09396936,33.45892965, ,34.73489632, ,100, 
133,S92000003,"C44, M-8050-8078, M-8083-8084",Squamous cell carcinoma of the skin,Female, ,2016-2020,1,0,0,1,0,1,9,10,35,52,88,160,279,377,593,828,1091,1101,831,5457,0.149128197,0,0,0.142314315,0,0.105171271,0.979565182,1.138893792,4.228902008,5.397780059,8.472463051,16.14017744,32.18026485,47.84039328,84.30792153,155.6063385,266.7514273,430.8202802,561.3689025,39.11230478,38.0813796,40.1640694,36.22750602,35.26876013, ,37.19893011, ,11.50497561,11.14835675, ,11.86713074, ,100, 
134,S92000003,C16,Stomach,All,d,2016-2020,0,0,0,0,4,5,16,17,40,76,143,212,272,324,465,541,508,337,138,3098,0,0,0,0,0.227219666,0.263411463,0.883107966,0.986656344,2.463067837,4.079463658,7.105131097,10.99109618,16.15076262,21.27547804,34.85234598,56.33239654,72.50182682,82.69756005,65.05567446,11.39100412,10.99338252,11.79933234,12.1449245,11.71310961, ,12.58444645, ,4.762129063,4.577360333, ,4.950502497, ,100, 
135,S92000003,C16,Stomach,Male, ,2016-2020,0,0,0,0,2,5,10,10,24,39,94,147,192,224,308,353,287,194,57,1946,0,0,0,0,0.225357191,0.527793054,1.119810797,1.183507585,3.013738882,4.335110729,9.651211381,15.67968223,23.49658565,30.48270175,48.82487405,82.42675577,98.39651395,127.6735768,88.9304938,14.69259298,14.04698084,15.36022474,16.49898497,15.76213372, ,17.25243252, ,6.477119543,6.169278817, ,6.79234992, ,100, 
136,S92000003,C16,Stomach,Female, ,2016-2020,0,0,0,0,2,0,6,7,16,37,49,65,80,100,157,188,221,143,81,1152,0,0,0,0,0.229113183,0,0.653043455,0.797225655,1.933212346,3.840728119,4.717621472,6.556947085,9.227316085,12.68975949,22.32098428,35.33090778,54.0348904,55.95576755,54.71826847,8.256803208,7.786830383,8.747726643,7.790864028,7.345719587, ,8.248918192, ,3.047138583,2.845194515, ,3.255908308, ,100, 
